高等教育深耕計畫核定經費 (一般大學),,,,
類別,學校代碼,學校名稱,核定經費,
,,,單位：元,
一般大學,1,國立政治大學,"332,581,716",
一般大學,2,國立清華大學,"1,227,485,103",
一般大學,3,國立臺灣大學,"2,466,494,187",
一般大學,4,國立臺灣師範大學,"324,963,949",
一般大學,5,國立成功大學,"1,421,845,095",
一般大學,6,國立中興大學,"450,197,237",
一般大學,7,國立陽明交通大學,"1,321,464,208",
一般大學,8,國立中央大學,"426,576,212",
一般大學,9,國立中山大學,"405,826,790",
一般大學,12,國立臺灣海洋大學,"136,547,127",
一般大學,13,國立中正大學,"138,023,217",
一般大學,14,國立高雄師範大學,"50,450,179",
一般大學,15,國立彰化師範大學,"77,873,704",
一般大學,17,國立臺北大學,"98,142,220",
一般大學,18,國立嘉義大學,"67,795,521",
一般大學,19,國立高雄大學,"52,383,303",
一般大學,20,國立東華大學,"77,756,120",
一般大學,21,國立暨南國際大學,"89,662,348",
一般大學,28,國立臺北藝術大學,"57,484,349",
一般大學,29,國立臺灣藝術大學,"60,668,797",
一般大學,30,國立臺東大學,"64,098,591",
一般大學,31,國立宜蘭大學,"60,866,935",
一般大學,32,國立聯合大學,"48,254,839",
一般大學,35,國立臺南藝術大學,"18,035,952",
一般大學,36,國立臺南大學,"52,336,642",
一般大學,37,國立臺北教育大學,"42,922,168",
一般大學,39,國立臺中教育大學,"61,422,484",
一般大學,44,國立體育大學,"43,469,196",
一般大學,48,國立金門大學,"30,595,162",
一般大學,49,國立臺灣體育運動大學,"33,282,255",
一般大學,52,國立屏東大學,"71,360,523",
一般大學,1001,東海大學,"118,910,367",
一般大學,1002,輔仁大學,"107,901,179",
一般大學,1003,東吳大學,"97,295,635",
一般大學,1004,中原大學,"155,026,796",
一般大學,1005,淡江大學,"111,196,814",
一般大學,1006,中國文化大學,"72,749,681",
一般大學,1007,逢甲大學,"148,700,886",
一般大學,1008,靜宜大學,"103,366,677",
一般大學,1009,長庚大學,"112,670,208",
一般大學,1010,元智大學,"107,201,017",
一般大學,1011,中華大學,"49,337,949",
一般大學,1012,大葉大學,"41,843,361",
一般大學,1013,華梵大學,"36,702,532",
一般大學,1014,義守大學,"94,198,796",
一般大學,1015,世新大學,"63,380,404",
一般大學,1016,銘傳大學,"77,610,491",
一般大學,1017,實踐大學,"82,591,395",
一般大學,1019,高雄醫學大學,"155,776,156",
一般大學,1020,南華大學,"59,765,478",
一般大學,1021,真理大學,"15,031,132",
一般大學,1022,大同大學,"49,711,476",
一般大學,1027,慈濟大學,"61,470,333",
一般大學,1028,臺北醫學大學,"276,161,839",
一般大學,1029,中山醫學大學,"59,791,865",
一般大學,1033,長榮大學,"51,477,733",
一般大學,1035,中國醫藥大學,"220,442,897",
一般大學,1039,玄奘大學,"30,102,776",
一般大學,1048,亞洲大學,"73,750,020",
一般大學,1049,開南大學,"13,936,583",
一般大學,1050,佛光大學,"45,680,178",
一般大學,1058,明道大學,"1,725,950",
一般大學,1067,台灣首府大學,"400,000",
一般大學,1079,康寧大學,"4,682,000",
一般大學,1125,中信金融管理學院,"20,290,218",
一般大學,1195,馬偕醫學院,"41,308,616",
一般大學,1196,法鼓文理學院,"2,216,065",
一般大學,3002,臺北市立大學,"55,253,550",
一般大學,1R03,臺北基督書院,"316,000",
一般大學,1R04,一貫道天皇學院,"95,000",
一般大學,"【備註】
  1. 學校排序依教育部統計處學校代碼排序呈現。
  2. 以上含深耕計畫第一部分(主冊計畫、主冊專章、附冊、附錄一、附錄二)及第二部分(全校型、特色領域研究中心)之經費。",,,
,,,,
高等教育深耕計畫核定經費 (技專校院),,,,
類別,學校代碼,學校名稱,核定經費,
,,,單位：元,
技專校院,22,國立臺灣科技大學,424512000,
技專校院,23,國立雲林科技大學,236482000,
技專校院,24,國立屏東科技大學,177178463,
技專校院,25,國立臺北科技大學,337399000,
技專校院,33,國立虎尾科技大學,242324000,
技專校院,42,國立澎湖科技大學,33509000,
技專校院,43,國立勤益科技大學,150680000,
技專校院,46,國立臺北護理健康大學,98546000,
技專校院,47,國立高雄餐旅大學,85218000,
技專校院,50,國立臺中科技大學,48859000,
技專校院,51,國立臺北商業大學,50628000,
技專校院,53,國立高雄科技大學,397181000,
技專校院,144,國立臺灣戲曲學院,31982000,
技專校院,221,國立臺南護理專科學校,26030000,
技專校院,222,國立臺東專科學校,32777000,
技專校院,1018,朝陽科技大學,99241000,
技專校院,1023,南臺科技大學,186114000,
技專校院,1024,崑山科技大學,184720000,
技專校院,1025,嘉南藥理大學,104146000,
技專校院,1026,樹德科技大學,93569000,
技專校院,1030,龍華科技大學,147951000,
技專校院,1031,輔英科技大學,43572618,
技專校院,1032,明新科技大學,64005000,
技專校院,1034,弘光科技大學,122812500,
技專校院,1036,健行科技大學,58575650,
技專校院,1037,正修科技大學,242848000,
技專校院,1038,萬能科技大學,25543500,
技專校院,1040,建國科技大學,27487000,
技專校院,1041,明志科技大學,109540000,
技專校院,1042,高苑科技大學,2313930,
技專校院,1043,大仁科技大學,45623000,
技專校院,1044,聖約翰科技大學,22008000,
技專校院,1045,嶺東科技大學,57443000,
技專校院,1046,中國科技大學,73590000,
技專校院,1047,中臺科技大學,56503000,
技專校院,1051,台南應用科技大學,43023000,
技專校院,1052,遠東科技大學,66229000,
技專校院,1053,元培醫事科技大學,39243000,
技專校院,1054,景文科技大學,58411000,
技專校院,1055,中華醫事科技大學,54675000,
技專校院,1056,東南科技大學,25553000,
技專校院,1057,德明財經科技大學,54490000,
技專校院,1060,南開科技大學,34499000,
技專校院,1061,中華科技大學,34005000,
技專校院,1062,僑光科技大學,37334000,
技專校院,1063,育達科技大學,19240000,
技專校院,1064,美和科技大學,41718000,
技專校院,1065,吳鳳科技大學,28633000,
技專校院,1066,環球科技大學,5240000,
技專校院,1068,中州科技大學,412500,
技專校院,1069,修平科技大學,49545000,
技專校院,1070,長庚科技大學,63631000,
技專校院,1071,臺北城市科技大學,32869000,
技專校院,1072,敏實科技大學,10780000,
技專校院,1073,醒吾科技大學,73818000,
技專校院,1075,文藻外語大學,64316000,
技專校院,1076,華夏科技大學,25605000,
技專校院,1077,慈濟科技大學,52205000,
技專校院,1078,致理科技大學,88388100,
技專校院,1080,宏國德霖科技大學,26560000,
技專校院,1081,東方設計大學,4509000,
技專校院,1082,崇右影藝科技大學,16770000,
技專校院,1083,台北海洋科技大學,34095000,
技專校院,1084,亞東科技大學,33970000,
技專校院,1148,大漢技術學院,10752550,
技專校院,1168,南亞技術學院,14316000,
技專校院,1183,黎明技術學院,28610000,
技專校院,1185,經國管理暨健康學院,21482000,
技專校院,1188,大同技術學院,2110000,
技專校院,1282,馬偕醫護管理專科學校,31064000,
技專校院,1283,仁德醫護管理專科學校,25441230,
技專校院,1284,樹人醫護管理專科學校,29115000,
技專校院,1285,慈惠醫護管理專科學校,19538000,
技專校院,1286,耕莘健康管理專科學校,36985000,
技專校院,1287,敏惠醫護管理專科學校,18038786,
技專校院,1289,育英醫護管理專科學校,11046000,
技專校院,1291,聖母醫護管理專科學校,12843000,
技專校院,1292,新生醫護管理專科學校,23361882,
技專校院,1293,崇仁醫護管理專科學校,18986000,
技專校院,"備註：
1.金額包含第一部分(主冊計畫、主冊專章、附冊、附錄一、附錄二)、第二部分。
2.中州科技大學112年7月31日停辦。
3.東方設計大學、高苑科技大學、環球科技大學、大同技術學院為專案輔導學校。",,,
,,,,
大學社會責任補助計畫(USR)-一般大學,,,,
類別,序號,學校名稱,計畫類型,計畫名稱
一般大學,1,大同大學,大學特色類萌芽型,同興協力—應用公民設計科學於社區學習教學與場域實踐
一般大學,2,大同大學,大學特色類深耕型,永續共榮在大同：優質教育與跨域實踐之差異群體服務基地加值計畫
一般大學,3,中國文化大學,大學特色類萌芽型,北海岸社區韌性：在地永續知識與經濟創生
一般大學,4,中國文化大學,大學特色類深耕型,共創光明頂：陽明山社區創生新願景
一般大學,5,東吳大學,大學特色類萌芽型,北投心韌齡生活圈
一般大學,6,東吳大學,大學特色類萌芽型,老士林新共生-建立跨世代社區支持網
一般大學,7,東吳大學,大學特色類深耕型,文化永續•城市創生：士林學之建構
一般大學,8,馬偕醫學院,大學特色類萌芽型,給三芝全面的愛:社區老人多層面健康促進計畫
一般大學,9,馬偕醫學院,大學特色類萌芽型,脫穎而出成為茭佼者
一般大學,10,國立政治大學,大學特色類萌芽型,以鄉村地區整體規劃落實里山經濟
一般大學,11,國立政治大學,大學特色類萌芽型,雜貨店2.0老店新開： 順路經濟與社會資源整合平台計畫
一般大學,12,國立陽明交通大學,大學特色類深耕型,部落之星：智慧偏鄉健康培力計畫
一般大學,13,國立陽明交通大學,大學特色類深耕型,青銀攜手•科技協力•賦能社區•守護獨老行動計畫
一般大學,14,國立臺北大學,大學特色類萌芽型,推動三鶯地區永續低碳經濟生活圈
一般大學,15,國立臺北大學,大學特色類萌芽型,環抱海山深耕三峽：北大文化城的創生、活化與擴展
一般大學,16,國立臺北大學,大學特色類深耕型,前瞻超高齡的大學3E行動計畫：Establishment、Engagement、and Empowerment
一般大學,17,國立臺北藝術大學,大學特色類萌芽型,漁村轉型、文化永續： 依海而生在地知識的轉譯與活用之共學共創
一般大學,18,國立臺灣大學,大學特色類萌芽型,臺大?山林?學院
一般大學,19,國立臺灣大學,大學特色類萌芽型,文化｜健康：文化安全健康促進推動整合計畫
一般大學,20,國立臺灣大學,大學特色類萌芽型,感測公民培力、環境舒適度健檢及在地社區氣候行動：一個科學社會溝通及循證治理過程的探索
一般大學,21,國立臺灣大學,大學特色類深耕型,大學PLUS：臺灣鄉創俱樂部
一般大學,22,國立臺灣大學,大學特色類深耕型,攜手?雲林-特色農業產區 深耕產業鏈結
一般大學,23,國立臺灣師範大學,大學特色類萌芽型,全球在地取向的金門地方創生與青創培力計畫
一般大學,24,國立臺灣師範大學,大學特色類萌芽型,臺灣心連新-運用前瞻科技提昇新住民及其子女華語文能力及雙語師資培育計畫
一般大學,25,國立臺灣師範大學,大學特色類深耕型,深耕偏鄉教育：深化、廣化、國際化、永續化
一般大學,26,國立臺灣師範大學,大學特色類深耕型,打造高齡者數位包容智慧長健學苑計畫
一般大學,27,國立臺灣海洋大學,大學特色類萌芽型,雲林四口，里海漁鄉-低碳×創生×永續×關懷計畫
一般大學,28,國立臺灣海洋大學,大學特色類深耕型,貢寮美境山海川區域發展深耕計畫
一般大學,29,國立臺灣海洋大學,大學特色類深耕型,智慧樂活水產村
一般大學,30,國立臺灣海洋大學,大學特色類深耕型,打造國際旅遊島-智慧共享經濟與永續實踐
一般大學,31,國立臺灣海洋大學,永續發展類國際合作型,三漁興旺-國際藍色經濟示範區
一般大學,32,國立臺灣藝術大學,大學特色類萌芽型,文化河流 • 文資串流 —淡水河水系流域文化資產保存計畫
一般大學,33,淡江大學,大學特色類萌芽型,守滬樂齡宜然自得：建置以長者為關懷的「為愛AI陪伴」手機APP
一般大學,34,淡江大學,大學特色類萌芽型,為樂齡而行：跨代原力、青銀共創
一般大學,35,淡江大學,大學特色類深耕型,農情食課：建構北海岸永續食農教育基地/第二期計畫主案：「農」情「食課」-無毒、有機印象淡水
一般大學,36,淡江大學,大學特色類深耕型,淡北風情e線牽、海陸旅遊全體驗/第二期計畫主案：淡蘭海陸輕旅遊、智慧互動趴趴走
一般大學,37,淡江大學,永續發展類特色永續型,淡水好生活：山海河賦創設計行動/第二期計畫主案：淡水好生活–學習型城鄉建構計畫
一般大學,38,華梵大學,大學特色類萌芽型,乘龍風蘊耀大崙，古道帶動旅創新生命：?淡蘭古道為主軸的地方創生實踐
一般大學,39,華梵大學,大學特色類萌芽型,石碇之音-百年石頭屋藝術造鎮參與規劃工作站、工藝駐村與行旅藝文體驗計畫
一般大學,40,華梵大學,大學特色類萌芽型,無人機山區防災救災系統-石碇模式
一般大學,41,實踐大學,大學特色類萌芽型,漸凍症病友科技生活設計
一般大學,42,實踐大學,大學特色類萌芽型,內門文創生活之活化：文化為心、創意為魂、科技為魄
一般大學,43,實踐大學,大學特色類萌芽型,點亮城市裡的偏鄉─光點三創實踐計畫
一般大學,44,實踐大學,大學特色類萌芽型,北投學-在北投向北投學
一般大學,45,實踐大學,大學特色類萌芽型,囊螢東高【與南島語族相遇】創課微旅：螢光發掘、囊袋維持陪伴計畫內山篇
一般大學,46,臺北市立大學,大學特色類萌芽型,「你我共好」的善循環－社區永續的倡導、關懷與場域經營
一般大學,47,臺北市立大學,大學特色類萌芽型,臺北城西文化地景的沉浸式再現：人文藝術結合城市行銷培力的永續實踐
一般大學,48,臺北醫學大學,大學特色類萌芽型,以街區經濟為根基之中草藥文化復振與創新
一般大學,49,臺北醫學大學,大學特色類萌芽型,智齡質感生活聚落示範計畫2.0：邁向淨零綠生活
一般大學,50,臺北醫學大學,大學特色類萌芽型,永續綠能飲食救地球
一般大學,51,臺北醫學大學,大學特色類深耕型,都會長照青銀創生永續：建構高齡健康失智友善101生態圈
一般大學,52,輔仁大學,大學特色類萌芽型,復元力：惜食分享　共生新莊
一般大學,53,輔仁大學,大學特色類萌芽型,輔仁好學·好（ㄏㄠˋ）學新莊計畫
一般大學,54,銘傳大學,大學特色類萌芽型,龜旅價值共創-從文化走讀到土地連結
一般大學,55,中原大學,大學特色類萌芽型,永續社區環保公益博物館串聯計劃
一般大學,56,中原大學,大學特色類深耕型,團結經濟、文化夥伴－桃園大海社區文化創生計畫III－航空城計畫進行式的人文延續
一般大學,57,中原大學,永續發展類國際合作型,流動與鏈結：桃園埤圳文化與國際多元鏈結
一般大學,58,中華大學,大學特色類萌芽型,馥活茶花智慧創生計畫
一般大學,59,中華大學,大學特色類萌芽型,驛動新埔-種希望樹、點幸福燈之綠色共生
一般大學,60,元智大學,大學特色類萌芽型,綠色循環經濟-創新創業實踐場
一般大學,61,元智大學,大學特色類萌芽型,艾妲資訊培力
一般大學,62,元智大學,大學特色類深耕型,寰宇文化領航
一般大學,63,玄奘大學,大學特色類萌芽型,泰雅爾·巴來─深度部落休閒產業推動計畫
一般大學,64,玄奘大學,大學特色類萌芽型,新埔旱坑柿家創新永續計畫
一般大學,65,佛光大學,大學特色類萌芽型,建構宜蘭茶產業永續發展的跨領域人才共培機制
一般大學,66,長庚大學,大學特色類萌芽型,『職能、共融、永續』-身心障礙者工作培力實踐計畫  「第二期HUB計畫主案：職人創造，能力營造-共建身心障礙者的就業環境與社區共融計畫」
一般大學,67,長庚大學,大學特色類萌芽型,早期療育及健康發展促進創新實踐計劃
一般大學,68,長庚大學,大學特色類深耕型,人口老化社區健康照護體系建構-在地與偏鄉
一般大學,69,國立中央大學,大學特色類萌芽型,身生不息─桃園身障包容科技與包容創業教育
一般大學,70,國立中央大學,大學特色類深耕型,mbhoyaw「復興」─以永續為關鍵詞的跨域共作
一般大學,71,國立中央大學,永續發展類國際合作型,海好友你─桃海三生開闊國際夥伴永續力
一般大學,72,國立東華大學,大學特色類深耕型,智慧淨洄瀾合作永共融
一般大學,73,國立東華大學,永續發展類特色永續型,比鄰共好：柔韌永續之共好生活實踐
一般大學,74,國立清華大學,大學特色類萌芽型,TNUNAN歌劇音樂會：以文化回應式教學推動泰雅醫療人才培育計畫
一般大學,75,國立清華大學,大學特色類萌芽型,永續發展教育的跨領域韌性整合與社會實踐: 以南寮沿海社區與自然谷為里山海實踐場域
一般大學,76,國立清華大學,大學特色類萌芽型,〝S+M+ART〞跨學科與創客藝術在地智慧活氧計畫
一般大學,77,國立清華大學,永續發展類特色永續型,REAL+：新竹區域產業與文化支持系統
一般大學,78,國立聯合大學,大學特色類萌芽型,聯合IN苗栗加速食農教育→永續環境
一般大學,79,國立聯合大學,大學特色類萌芽型,苑裡藺草編織工藝的互惠展銷體驗設計
一般大學,80,國立聯合大學,大學特色類萌芽型,共下生活學習實驗室：打哪叭共創聚落計畫
一般大學,81,慈濟大學,大學特色類萌芽型,社區健康領航員-跨族群健康upup計畫
一般大學,82,慈濟大學,大學特色類深耕型,里山團結碳經濟-永續消費與生產的共學實踐
一般大學,83,中山醫學大學,大學特色類萌芽型,跨域培力，共創樂活
一般大學,84,中國醫藥大學,大學特色類萌芽型,中西醫整合優質照護，守護兒童與青少年健康計劃
一般大學,85,中國醫藥大學,大學特色類萌芽型,中藥養生-西藥精準:食品藥物安全鏈結之社會實踐
一般大學,86,亞洲大學,大學特色類萌芽型,學習不孤單：偏鄉AI雙語學伴培育計畫
一般大學,87,亞洲大學,大學特色類萌芽型,食品安全與健康的守護者
一般大學,88,亞洲大學,大學特色類深耕型,永續高齡失智友善包容社區：數位創新x護智處方x社會共融
一般大學,89,東海大學,大學特色類萌芽型,一所大學守護一條河的四校聯盟行動
一般大學,90,東海大學,大學特色類萌芽型,大肚山地方教育創生2.0
一般大學,91,東海大學,永續發展類特色永續型,臺中市西屯區開放養生村的典範建構與擴散
一般大學,92,國立中興大學,永續發展類國際合作型,浪愛無國界：流浪動物減量與福祉實踐
一般大學,93,國立彰化師範大學,大學特色類萌芽型,彰化風光 風光彰化
一般大學,94,國立彰化師範大學,大學特色類萌芽型,生態家園?城鄉永續：彰化生態藝術計畫
一般大學,95,國立彰化師範大學,大學特色類萌芽型,美「蜊」芳苑、寶「蜆」大城：氣候變遷下彰化雙城之產業與環境永續計畫
一般大學,96,國立彰化師範大學,大學特色類萌芽型,白沙×共好 深耕在地向前行
一般大學,97,國立暨南國際大學,大學特色類萌芽型,暨大「相遇東南亞」的啟示：共耘RAMTAU香料共和園
一般大學,98,國立暨南國際大學,大學特色類萌芽型,Walk Tall：戶外教育學習生態系統創新計畫
一般大學,99,國立暨南國際大學,大學特色類萌芽型,水沙連未來教育行動聯盟
一般大學,100,國立暨南國際大學,永續發展類國際合作型,水沙連產業永續發展計畫-產業鏈結x跨域人才x國際合作
一般大學,101,國立暨南國際大學,永續發展類特色永續型,綠色水沙連永續價值與人才培育升級計畫：科技x循環x淨零
一般大學,102,逢甲大學,大學特色類萌芽型,中寮行動-倡議偏鄉群落生境的社會影響力
一般大學,103,逢甲大學,大學特色類萌芽型,臺中市文化城中城地方創生計畫：生活故事書院
一般大學,104,逢甲大學,大學特色類萌芽型,安居樂業-打造永續韌性部落的教育示範場域
一般大學,105,逢甲大學,永續發展類國際合作型,農村減碳-綠色諧能鏈結國際永續共好行動
一般大學,106,靜宜大學,大學特色類萌芽型,淺山精靈的守護：生物多樣性的行動倡議與環境教育實踐
一般大學,107,靜宜大學,大學特色類深耕型,建構具韌性的幸福銀髮生態圈
一般大學,108,長榮大學,大學特色類萌芽型,相約檨仔腳-走向整全的社區經濟與照顧之路2.0
一般大學,109,長榮大學,永續發展類國際合作型,綠色社區根與芽行動計畫-從在地到國際
一般大學,110,南華大學,大學特色類萌芽型,推動碳中和農業
一般大學,111,南華大學,永續發展類國際合作型,擴散慢城意涵－營造永續宜居城鄉生活
一般大學,112,國立中正大學,大學特色類萌芽型,共創長者幸福人生：科際整合人權實踐方案
一般大學,113,國立成功大學,大學特色類萌芽型,長短樹下的微風-環境療癒場域之建構
一般大學,114,國立成功大學,大學特色類深耕型,惡地協作2.0：H.E.A.R.T.串起共學、共做、共感的淺山心生活
一般大學,115,國立成功大學,永續發展類國際合作型,相伴2026：互為主體、互利共好、底蘊再創
一般大學,116,國立成功大學,永續發展類特色永續型,台南400年：從倒風內海到東原山林溪北傳統特色產業的升級之路：復振與新生
一般大學,117,國立嘉義大學,大學特色類萌芽型,加糖笑瞇瞇─懸絲偶天團與糖文化的永續計畫
一般大學,118,國立嘉義大學,大學特色類萌芽型,跨域STEAM 雙語+E 共譜嘉鄉好樂章
一般大學,119,國立臺南大學,大學特色類萌芽型,幸福集氣，讓愛延續
一般大學,120,國立臺南大學,大學特色類萌芽型,為偏鄉而教—打造七股偏鄉教育補給站3.0
一般大學,121,高雄醫學大學,大學特色類萌芽型,永續荖濃人才培育與健康發展計畫
一般大學,122,高雄醫學大學,大學特色類萌芽型,青銀攜手健康促進_旗津區銀髮及長照產業優化加值發展計畫
一般大學,123,高雄醫學大學,大學特色類深耕型,空污下的大學社會責任-環境教育與健康促進永續發展計畫
一般大學,124,高雄醫學大學,永續發展類國際合作型,永續不只一夏－那瑪夏及國際原鄉永續發展計畫
一般大學,125,國立中山大學,大學特色類萌芽型,作為NATIVE博物館的霧台-原民社會自然文化共構之永續學習計畫
一般大學,126,國立中山大學,大學特色類深耕型,產學合創·跨域實踐：共構地方永續協作平台
一般大學,127,國立中山大學,永續發展類國際合作型,邁向永續轉型：城市共事館的全球在地實踐
一般大學,128,國立屏東大學,大學特色類萌芽型,屏東地方創生式：共學、共作與共生實踐計畫
一般大學,129,國立屏東大學,大學特色類萌芽型,朱雀先驅：屏東偏鄉三師共學模式
一般大學,130,國立屏東大學,大學特色類深耕型,讓生命不同凡「想」-身心障礙成人賦能(empowerment)支持
一般大學,131,國立高雄大學,大學特色類萌芽型,韌性社區自主防災與永續城市培力計畫
一般大學,132,國立高雄師範大學,大學特色類萌芽型,原民築夢創生機—瑪家鄉原民產業創新加值
一般大學,133,國立高雄師範大學,大學特色類萌芽型,惡地社會學：高雄月世界地方創生實踐與永續社區聯動網培力計畫
一般大學,134,國立高雄師範大學,大學特色類萌芽型,小民再造 市集再生
一般大學,135,國立臺東大學,大學特色類萌芽型,從我到我們：大學與社區跨域共做共好社會實踐計畫
一般大學,136,國立臺東大學,大學特色類萌芽型,都蘭之蘭調創生—友善土地的共作共好
一般大學,137,國立臺東大學,大學特色類深耕型,臺東Y-2計畫：共創山海沙城好未來
,,,,
大學社會責任補助計畫(USR)-技專校院,,,,
類別,序號,學校名稱,計畫類型,計畫名稱
技專校院,1,中國科技大學,大學特色類萌芽型,共創深坑文化永續韌性社區與多元加值計畫
技專校院,2,中國科技大學,大學特色類萌芽型,台北市黎安里社區微旅行 - 邀約鳥語、花香、人情為伴
技專校院,3,中華科技大學,大學特色類萌芽型,環境認知調研與空間裝置實作之社會性實踐-以基隆為行動基地
技專校院,4,中華科技大學,大學特色類萌芽型,”原“創教育–原民技藝文化推廣
技專校院,5,台北海洋科技大學,大學特色類萌芽型,魅力士社-深耕活化生態社子島
技專校院,6,台北海洋科技大學,大學特色類萌芽型,銀造在地健康關懷青銀樂活俱樂部-共創共學、友善高齡、健康福祉實踐推動計畫
技專校院,7,宏國德霖科技大學,大學特色類萌芽型,青銀創生暨培力養成計畫-社創大頂埔:從零開始的夢想
技專校院,8,亞東科技大學,大學特色類萌芽型,翻轉社區高齡復健患者及應用於醫療院所與遠距科技照護大行動
技專校院,9,亞東科技大學,大學特色類萌芽型,新北師生資訊科技增能計畫
技專校院,10,明志科技大學,大學特色類萌芽型,Co-op Design—走入三角湧社區文化生活實驗
技專校院,11,明志科技大學,大學特色類萌芽型,新北產業永續發展2.0
技專校院,12,明志科技大學,大學特色類深耕型,北臺首學帶狀文物館深耕計畫
技專校院,13,東南科技大學,大學特色類萌芽型,淡蘭市場科技數位文旅典藏服務培力計畫
技專校院,14,致理科技大學,大學特色類萌芽型,女王的呼召—萬金國際旅遊實驗共生協作平台
技專校院,15,致理科技大學,大學特色類萌芽型,青銀微社群就醫陪伴社區共好計畫
技專校院,16,耕莘健康管理專科學校,大學特色類萌芽型,「足好」-照顧者身心適能健康促進計畫
技專校院,17,耕莘健康管理專科學校,大學特色類萌芽型,循環永續、共伴創生「第二期計畫主案：宜蘭三星鄉農棄物六級產業與農村創生計畫」
技專校院,18,耕莘健康管理專科學校,大學特色類萌芽型,~為愛走動 莘口相連-讓愛傳出去 口腔照護服務交流計畫
技專校院,19,馬偕醫護管理專科學校,大學特色類萌芽型,承載幸福，偏鄉傳愛
技專校院,20,馬偕醫護管理專科學校,大學特色類萌芽型,馬偕護 創生榮：活絡在地好所在，共享樂齡新生活
技專校院,21,國立臺北科技大學,大學特色類萌芽型,漁村真本事－萬里野柳海岸地景保育與漁村文化永續
技專校院,22,國立臺北科技大學,大學特色類萌芽型,鶯歌陶瓷培力與科技驅動計畫
技專校院,23,國立臺北科技大學,大學特色類萌芽型,木創文化深根攪動計畫(Ⅱ)
技專校院,24,國立臺北科技大學,永續發展類特色永續型,原住民部落安居構築與綠色樂業推動計畫
技專校院,25,國立臺北護理健康大學,大學特色類萌芽型,後疫情時代高齡與幼兒身心健康全方位升級計畫—社區服務支持系統的社會實踐
技專校院,26,國立臺北護理健康大學,大學特色類深耕型,鏈結資源永續健康-「北護護你健康、青銀共好深耕計畫」；第二期計畫主案：鏈結區域資源升級長照專業－「北護護你健康、青銀共好標竿計畫」
技專校院,27,國立臺灣科技大學,大學特色類萌芽型,活力創齡-共創共學習
技專校院,28,國立臺灣科技大學,大學特色類萌芽型,共好 Spark : 走在我的身邊，成為我的夥伴
技專校院,29,國立臺灣科技大學,大學特色類深耕型,「城南無限-都市山城與無限大學的永續共築計畫」
技專校院,30,國立臺灣科技大學,永續發展類國際合作型,行動工程師培育計畫
技專校院,31,國立臺灣科技大學,永續發展類特色永續型,I-Villages: Mobility for Change 城鄉牽手移動力再建構計畫
技專校院,32,景文科技大學,大學特色類萌芽型,永續餐飲SDGs教育及社會責任計畫
技專校院,33,經國管理暨健康學院,大學特色類萌芽型,「幼」「健」「美」好吾鄉?從幼兒園到家庭、社區的健康促進與美力養成計劃
技專校院,34,聖約翰科技大學,大學特色類萌芽型,北海岸跨領域共學共創共耕基地建構與創新生活文化圈整合創生深耕計畫
技專校院,35,德明財經科技大學,大學特色類萌芽型,德明甘丹內科園區永續時尚實踐計畫
技專校院,36,德明財經科技大學,大學特色類萌芽型,內湖金面山在地風華-永續實踐計畫
技專校院,37,黎明技術學院,大學特色類萌芽型,共鳴－攜手臺北啟聰學校建構聽障共融環境計畫
技專校院,38,黎明技術學院,大學特色類萌芽型,新北市新泰樹地區新住民及新二代時尚民生職能提升培育計畫
技專校院,39,育達科技大學,大學特色類萌芽型,「肌」不可失、「活」力飲食-肌活樂齡打造苗栗幸福城市計畫
技專校院,40,明新科技大學,大學特色類萌芽型,客話茶金三生味－韌性茶鄉創生計畫
技專校院,41,明新科技大學,大學特色類萌芽型,新竹縣五峰鄉隘蘭軌跡人文、生態、空間、孵創基地計畫
技專校院,42,長庚科技大學,大學特色類萌芽型,保骨防跌、樂活膳食、科技失智辨識–永續高齡友善社區計畫
技專校院,43,長庚科技大學,大學特色類萌芽型,破繭而出的形象曙光
技專校院,44,長庚科技大學,大學特色類萌芽型,多元新視界，攜手嘉移人
技專校院,45,長庚科技大學,大學特色類萌芽型,在地紮根•社會共生－教養賦能計畫
技專校院,46,健行科技大學,大學特色類萌芽型,陽光樂活、綠能永續扎根計畫
技專校院,47,敏實科技大學,大學特色類萌芽型,青山綠水好茶庄：台三線茶產業智慧種植、環境永續與創新商業應用實踐計畫
技專校院,48,慈濟科技大學,大學特色類萌芽型,有機淨零新農業-光復萬榮產銷班青銀共創計畫
技專校院,49,慈濟科技大學,大學特色類萌芽型,社區協力建構偏鄉失智照顧培力及支持服務網
技專校院,50,龍華科技大學,大學特色類萌芽型,桃園新屋石滬文化永續發展計劃
技專校院,51,龍華科技大學,大學特色類萌芽型,自閉症特教生適應性科技與食農教育-龍潭肯納社福莊園
技專校院,52,龍華科技大學,大學特色類萌芽型,?牽手龜山—保育、人文、科技的共榮與昇華?
技專校院,53,龍華科技大學,大學特色類萌芽型,樂生生樂—樂生公?教育園區地方特色之發展
技專校院,54,中臺科技大學,大學特色類萌芽型,文資蘊生-永續文化資源與創新人才培育
技專校院,55,弘光科技大學,大學特色類萌芽型,中部沿海邁向低碳、綠能與韌性生態社區共築計畫
技專校院,56,南開科技大學,大學特色類深耕型,建置在地優質老化永續長照服務網—打造南投不老城鎮
技專校院,57,修平科技大學,大學特色類萌芽型,再現田頭水?田中、社頭、二水區域整合計畫
技專校院,58,修平科技大學,大學特色類萌芽型,文蛤智慧養殖與科學管理永續發展計畫
技專校院,59,國立勤益科技大學,大學特色類萌芽型,想到鐵工就是台中—鐵工藝術再創新猷
技專校院,60,國立勤益科技大學,大學特色類深耕型,中臺灣菇類產業創生與永續經營提升計畫
技專校院,61,國立臺中科技大學,大學特色類萌芽型,智慧創新樂齡共融長照屋
技專校院,62,國立臺中科技大學,大學特色類萌芽型,打造山城永續農業新亮點-休閒農業價值創新計畫
技專校院,63,朝陽科技大學,大學特色類萌芽型,北溝復麗—文化、生態共融村
技專校院,64,朝陽科技大學,大學特色類萌芽型,貓堳C農設計培力再生活化
技專校院,65,朝陽科技大學,大學特色類萌芽型,果香山城-苗圃幸福心，友善人文暨城鄉共好計畫
技專校院,66,朝陽科技大學,大學特色類深耕型,「雜糧紮根，豐味深釀」崙元廊道增韌擴散計畫
技專校院,67,朝陽科技大學,永續發展類特色永續型,幼老共園輔導平台的建構與代間學習促進世代共融的實踐
技專校院,68,僑光科技大學,大學特色類萌芽型,烏溪流「育」，創意長銷
技專校院,69,嶺東科技大學,大學特色類萌芽型,產業再興—跨域社會設計翻轉新社農創品牌價值
技專校院,70,嶺東科技大學,大學特色類萌芽型,智機減碳，從嶺做起：碳盤輔導人才培育
技專校院,71,中華醫事科技大學,永續發展類特色永續型,臺南溪北淺山銀髮健康基地深耕永續計畫
技專校院,72,台南應用科技大學,大學特色類萌芽型,消失的針線-刺繡技藝傳承與記憶延伸
技專校院,73,台南應用科技大學,大學特色類深耕型,志在琉鄉-全島啟動˙價值再造
技專校院,74,南臺科技大學,大學特色類萌芽型,藏碳蘊漁：古都土城仔綠電創能與智動養殖之跨界整合永續淨零發展計畫
技專校院,75,南臺科技大學,大學特色類萌芽型,跨樂尬陣：南流西起共融藝起來
技專校院,76,南臺科技大學,大學特色類萌芽型,點亮左鎮相放伴—創意生活加值計畫
技專校院,77,南臺科技大學,大學特色類深耕型,文化底?的在地創生與傳播--府城vs月津
技專校院,78,南臺科技大學,永續發展類特色永續型,青銀共創打造在地智慧自在不老力
技專校院,79,國立虎尾科技大學,大學特色類萌芽型,「花」現虎尾，永續共融
技專校院,80,國立虎尾科技大學,永續發展類特色永續型,農業共學地方創生世代共好—取徑綠心到綠港之價值共創
技專校院,81,國立雲林科技大學,大學特色類萌芽型,從心靈遍路到智能觀光：雲林朝聖廊帶的地方設計
技專校院,82,崑山科技大學,大學特色類萌芽型,以農漁業廢棄資材循環再利用為基石、建構淨零碳排永續家園
技專校院,83,崑山科技大學,永續發展類國際合作型,永保安康Going Green-從在地邁向國際綠色關懷
技專校院,84,嘉南藥理大學,大學特色類萌芽型,二仁溪流域 後現代城鎮漣漪翻轉策略： 逆勢啟動南方聚落軸線復興力量 「第二期計畫主案：裡仁唯美：台南府城南方村落綴思關懷 計畫、副案：二仁溪流域環境生態在地關懷」
技專校院,85,嘉南藥理大學,大學特色類萌芽型,青銀共生~活酪大內樂居地
技專校院,86,嘉南藥理大學,大學特色類萌芽型,西港風_敘事雲
技專校院,87,嘉南藥理大學,大學特色類萌芽型,永續安南環境生態與綠色產業
技專校院,88,嘉南藥理大學,大學特色類深耕型,嘉藥攜手阿蓮： 賦能偏鄉社區x築夢幸福家園 「第二期計畫主案：營造Alia(e)n宜居地 計畫、副案：濃濃香洋風，再造關廟情 計畫」
技專校院,89,大仁科技大學,大學特色類萌芽型,三生三化三十?高樹-智慧低碳農業心vs.科技?幼關懷情
技專校院,90,大仁科技大學,大學特色類萌芽型,小琉球幸福島 環境 x 健康 x 文化
技專校院,91,大仁科技大學,大學特色類萌芽型,長照知?整合與實踐-20X80牽手微伴計畫
技專校院,92,文藻外語大學,大學特色類萌芽型,「SDGs」看見需要·千手扶學 「第二期計畫主案：USR-hub 看見需要·千手扶學計畫」
技專校院,93,文藻外語大學,大學特色類萌芽型,OUR TOWN 社區永續跨域共創平台計畫「第二期:USR-hub Our Town 社區體驗遊程國際平台及觀光文化導覽USR HUB 二案」
技專校院,94,文藻外語大學,大學特色類萌芽型,藻到新力亮∼文藻USR新住民/新移工關懷培力計畫「第二期計畫主案：藻到新力亮∼文藻USR新住民/新移工關懷培力計畫」
技專校院,95,正修科技大學,大學特色類萌芽型,齊聚新民·旗育津采
技專校院,96,正修科技大學,大學特色類萌芽型,蕉傲?大旗山典範創新合作生產實踐計畫
技專校院,97,正修科技大學,大學特色類萌芽型,新埤纖境- 創造新埤鄉的再生力量
技專校院,98,正修科技大學,大學特色類萌芽型,食在安心 銀造健康 永續欣林園
技專校院,99,美和科技大學,大學特色類萌芽型,漁網石斑 靚食啖鮮-屏東石斑魚產業鏈加值計畫
技專校院,100,國立屏東科技大學,大學特色類萌芽型,沿山185熱帶有機廊道-農業數位轉型及生態系建構之USR實踐計畫
技專校院,101,國立屏東科技大學,大學特色類萌芽型,點亮馬卡道健康農產業振興與優化
技專校院,102,國立屏東科技大學,大學特色類萌芽型,國境南灣飛夢園
技專校院,103,國立屏東科技大學,大學特色類萌芽型,老幼共榮、幸福陪伴-營造屏東老幼永續幸福家園
技專校院,104,國立屏東科技大學,大學特色類深耕型,里山根經濟-林下經濟、生態旅遊的軸帶深耕與農林地碳匯人才培育
技專校院,105,國立高雄科技大學,大學特色類萌芽型,竹夢樂學＋遊活園田
技專校院,106,國立高雄科技大學,大學特色類深耕型,無碳理想 淨零橋楠
技專校院,107,國立高雄科技大學,大學特色類深耕型,海岸創生 社會創新-高雄漁村實踐計畫
技專校院,108,國立高雄科技大學,永續發展類國際合作型,鄰家好漁形塑計畫
技專校院,109,國立高雄科技大學,永續發展類特色永續型,U can do it! 高雄山都心永續藍圖 (第二期計畫主案：安居桃花源．港都山線韌性城鄉營建計畫)
技專校院,110,國立澎湖科技大學,大學特色類萌芽型,與海為生-澎湖混獲資源化與海洋食魚教育
技專校院,111,輔英科技大學,大學特色類萌芽型,琉連忘返 愛待琉鄉-東琉連線在地安養精準健康促進人力養成計劃
技專校院,112,輔英科技大學,大學特色類萌芽型,南高雄產業園區永續健康環境營造與環境教育拓展計畫
技專校院,113,樹德科技大學,大學特色類萌芽型,青銀共創 活躍老化-社區照顧人才的培育與實作
技專校院,114,樹德科技大學,永續發展類特色永續型,橫山USR 333-1 綠色永續 x 整體實踐
,,,,
深耕計畫第二部分 全球鏈結核定學校,,,,
一、Global Taiwan 全校型學校,,,,
學校代碼,學校名稱,,,
2,國立清華大學,,,
3,國立臺灣大學,,,
5,國立成功大學,,,
7,國立陽明交通大學,,,
二、Global Taiwan 研究中心,,,,
學校類別,學校名稱,領域,計畫名稱,
一般大學,中國醫藥大學,醫學,新藥開發研究中心,
一般大學,中國醫藥大學,醫學,中醫藥研究中心,
一般大學,中國醫藥大學,生命科學,癌症生物精準醫學研究中心,
一般大學,長庚大學,生命科學,新興病毒感染研究中心,
一般大學,高雄醫學大學,生命科學,精準環境醫學研究中心,
一般大學,國立中山大學,工學一般,6G 通訊與感測研究中心,
一般大學,國立中山大學,醫學,代謝異常脂肪肝卓越研究中心,
一般大學,國立中山大學,理學,氣膠科學研究中心,
一般大學,國立中山大學,理學,晶體研究中心,
一般大學,國立中山大學,社會科學,策略與人力資本研究中心,
一般大學,國立中山大學,社會科學,永續智慧電子商務研究中心,
一般大學,國立中央大學,理學,太空科學與科技研究中心,
一般大學,國立中央大學,理學,地震災害鏈風險評估及管理研究中心,
一般大學,國立中央大學,理學,高能與強場物理研究中心,
一般大學,國立中正大學,工學一般,前瞻製造系統頂尖研究中心,
一般大學,國立中興大學,農學,永續農業創新發展中心,
一般大學,國立中興大學,農學,前瞻植物與食?尖端生技研究中心,
一般大學,國立中興大學,農學,鳥禽遺傳資源暨動物生技研究中心,
一般大學,國立中興大學,理學,前瞻永續負碳資源創意研究中心,
一般大學,國立成功大學,工學一般,跨維綠能材料研究中心,
一般大學,國立成功大學,工學一般,前瞻醫療器材科技中心,
一般大學,國立成功大學,醫學,奈米醫學研究中心,
一般大學,國立成功大學,農學,前瞻蝦類養殖國際研發中心,
一般大學,國立成功大學,農學,蘭花研發中心,
一般大學,國立成功大學,理學,前沿量子科技研究中心,
一般大學,國立政治大學,社會科學,企業永續管理研究中心,
一般大學,國立政治大學,人文藝術,華人文化元宇宙研究中心,
一般大學,國立清華大學,工學一般,高熵材?研發中心,
一般大學,國立清華大學,工學一般,智慧感知?網研究中心,
一般大學,國立清華大學,醫學,腦科學研究中心,
一般大學,國立清華大學,理學,前瞻?子科技研究中心,
一般大學,國立清華大學,社會科學,韌性研究中心,
一般大學,國立清華大學,人文藝術,水下考古暨水下文化資產研究中心,
一般大學,國立清華大學,人文藝術,臺灣語言多樣性永續發展中心,
一般大學,國立陽明交通大學,工學一般,前瞻半導體技術研究中心,
一般大學,國立陽明交通大學,醫學,腫瘤與免疫學研究中心,
一般大學,國立陽明交通大學,醫學,全方位健康長壽跨領域研究中心,
一般大學,國立陽明交通大學,醫學,腦科學研究中心,
一般大學,國立陽明交通大學,生命科學,智慧型藥物與智能生物裝置研究中心,
一般大學,國立陽明交通大學,理學,新世代功能性物質研究中心,
一般大學,國立陽明交通大學,人文藝術,文化研究國際中心,
一般大學,國立臺灣大學,工學一般,前瞻?色材?高值化研究中心,
一般大學,國立臺灣大學,工學一般,尖端生醫計算及影像研究中心,
一般大學,國立臺灣大學,工學一般,數據智慧與系統研究中心,
一般大學,國立臺灣大學,生命科學,精準醫學研究中心,
一般大學,國立臺灣大學,農學,農業零碳技術與管理創新研究中心,
一般大學,國立臺灣大學,理學,新穎材料原子級科學研究中心,
一般大學,國立臺灣大學,理學,永續地球尖端科學研究中心,
一般大學,國立臺灣大學,社會科學,計量理論與應用研究中心,
一般大學,國立臺灣大學,社會科學,群體健康與福祉研究中心,
一般大學,國立臺灣大學,社會科學,臺灣韌性社會研究中心,
一般大學,國立臺灣師範大學,社會科學,學習科學跨國頂尖研究中心,
一般大學,國立臺灣師範大學,人文藝術,華語文與科技研究中心,
一般大學,國立臺灣師範大學,人文藝術,國際台灣學研究中心,
一般大學,國立臺灣師範大學,人文藝術,社會情緒教育與發展研究中心,
一般大學,國立臺灣海洋大學,理學,海洋中心：全球變遷下海洋與水產的調適與因應,
一般大學,臺北醫學大學,醫學,癌症轉譯研究中心,
一般大學,臺北醫學大學,醫學,腦意識創新轉譯研究中心,
技專校院,正修科技大學,生命科學,環境毒物與新興汙染物研究中心,
技專校院,正修科技大學,人文藝術,文物修護研究中心,
技專校院,南臺科技大學,工學技專,高階智慧生醫聯合研究中心,
技專校院,國立虎尾科技大學,工學技專,智能機械與智慧製造研究中心,
技專校院,國立屏東科技大學,農學,動物製劑研究中心,
技專校院,國立屏東科技大學,農學,永續智慧養豬技術研究中心,
技專校院,國立高雄科技大學,工學技專,"前瞻金屬成形技術研究發展中心
",
技專校院,國立雲林科技大學,工學技專,智慧辨識產業服務研究中心,
技專校院,國立雲林科技大學,人文藝術,智能地域設計服務研究中心,
技專校院,國立臺北科技大學,工學技專,新世代住商與工業節能研究中心,
技專校院,國立臺北科技大學,工學技專,高值生醫材料研究與商品化中心,
技專校院,國立臺灣科技大學,工學技專,永續電化學能源發展中心,
技專校院,國立臺灣科技大學,工學技專,智慧製造創新中心,
技專校院,國立臺灣科技大學,工學技專,臺灣建築科技中心,
技專校院,國立臺灣科技大學,工學技專,異質整合矽光電晶片研發中心,
技專校院,國立臺灣科技大學,工學技專,"臺灣高速3D?印研究中心
",
技專校院,國立臺灣科技大學,社會科學,技職賦能研究中心,
技專校院,崑山科技大學,工學技專,綠能科技研究中心,
